Model,Game,Owner,Reasoning,Config,N,Win%,Avg Turns,Avg Levels,Invalid,Clicks,Wall Hits,Pushes,Goals Act,Rel. diff.
gpt-5.2,ka59simple,Edward,default-R,baseline,10,60%,25,0.6,0,8.4,0.9,0,,1.00x
gpt-5.2,ka59simple,Edward,default-R,world_hard,10,0%,32,0,0,2.2,1,0,,1.28x
gpt-5.2,ka59simple,Edward,default-R,goal_hard,10,30%,24.7,0.3,0,9.4,0.3,0,,0.99x
gpt-5.2,ka59simple,Edward,default-R,mechanics_hard,10,0%,32,0,0.1,30.1,0.1,0,,1.28x
gpt-5.2,ka59simple,Edward,no-R,baseline,5,80%,13.2,0.8,0,5.4,1,0,,1.00x
gpt-5.2,ka59simple,Edward,no-R,world_hard,5,0%,32,0,0,5,1,0,,2.42x
gpt-5.2,ka59simple,Edward,no-R,goal_hard,5,80%,16.8,0.8,0,5,1.2,0,,1.27x
gpt-5.2,ka59simple,Edward,no-R,mechanics_hard,5,0%,32,0,0.2,30.8,0,0,,2.42x
gpt-5.2,ka59simple,Edward,no-R,feedback_hard,10,90%,13.5,0.9,0,2.7,1,0,,1.02x
gpt-5.2,ka59simple,Edward,medium-R,baseline,5,100%,15.6,1,0,5.4,1,0,,1.00x
gpt-5.2,ka59simple,Edward,medium-R,world_hard,5,0%,32,0,0,2.4,1,0,,2.05x
gpt-5.2,ka59simple,Edward,medium-R,goal_hard,5,20%,31,0.2,0,16.8,0.8,0,,1.99x
gpt-5.2,ka59simple,Edward,medium-R,mechanics_hard,5,0%,32,0,0,30,0,0,,2.05x
gpt-5.2,ka59simple,Edward,medium-R,feedback_hard,10,50%,21.1,0.5,0,7.1,0.6,0,,1.35x
gpt-5.2,ka59simple,Edward,no-R,baseline,5,40%,30.4,0.4,0,21.4,0.6,0,,1.00x
gpt-5.2,ka59simple,Edward,no-R,world_hard,5,0%,32,0,0,24.6,0.8,0,,1.05x
gpt-5.2,ka59simple,Edward,no-R,goal_hard,5,20%,30.8,0.2,0,21.6,0.2,0,,1.01x
gpt-5.2,ka59simple,Edward,no-R,mechanics_hard,5,0%,32,0,0,32,0,0,,1.05x
gpt-5.2,ka59simple,Edward,no-R,feedback_hard,5,0%,32,0,0,25.6,0.4,0,,1.05x
gpt-5.2,ka59simple,Edward,medium-R,baseline,5,20%,27.2,0.2,0,15.8,0.4,0,,1.00x
gpt-5.2,ka59simple,Edward,medium-R,world_hard,5,0%,32,0,0,16,1,0,,1.18x
gpt-5.2,ka59simple,Edward,medium-R,goal_hard,5,60%,22.4,0.6,0,10.2,0.6,0,,0.82x
gpt-5.2,ka59simple,Edward,medium-R,mechanics_hard,5,0%,32,0,0.2,29.8,0,0,,1.18x
gpt-5.2,ka59simple,Edward,medium-R,feedback_hard,5,40%,27,0.4,0,16.2,0.4,0,,0.99x
gpt-5.2,ls20,Josh,medium,baseline,,100%,20,1,,,5.4,,1,1.00x
gpt-5.2,ls20,Josh,medium,world_hard,,0%,100,0,,,21.4,,0.8,5.00x
gpt-5.2,ls20,Josh,medium,goal_hard,,100%,24,1,,,6.6,,1,1.20x
gpt-5.2,ls20,Josh,medium,mechanics_hard,,100%,23.4,1,,,5.2,,1,1.17x
gpt-5.2,ls20,Josh,medium,feedback_hard,,100%,18,1,,,5,,1,0.90x
gpt-5.2,ls20,Josh,none,baseline,,100%,36.6,1,,,13.8,,1,1.00x
gpt-5.2,ls20,Josh,none,world_hard,,60%,90.6,0.6,,,17,,0.8,2.48x
gpt-5.2,ls20,Josh,none,goal_hard,,100%,23.6,1,,,7,,1,0.65x
gpt-5.2,ls20,Josh,none,mechanics_hard,,20%,94,0.2,,,24.2,,0.6,2.57x
gpt-5.2,ls20,Josh,none,feedback_hard,,100%,27,1,,,9.6,,1,0.74x
gpt-5.2,bp35,Kaaus,none,baseline,,100%,21.4,1,0,10.2,,,,1.00x
gpt-5.2,bp35,Kaaus,none,world_hard,,0%,38.4,0,0,8.4,,,,1.79x
gpt-5.2,bp35,Kaaus,none,goal_hard,,100%,18.8,1,0,8,,,,0.88x
gpt-5.2,bp35,Kaaus,none,mechanics_hard,,40%,65.4,0.4,2.4,6.4,,,,3.06x
gpt-5.2,bp35,Kaaus,none,feedback_hard,,100%,19.4,1,0,6.6,,,,0.91x
gpt-5.2,bp35,Kaaus,medium,baseline,,100%,16.8,1,0,4,,,,1.00x
gpt-5.2,bp35,Kaaus,medium,world_hard,,0%,49.2,0,0,17,,,,2.93x
gpt-5.2,bp35,Kaaus,medium,goal_hard,,100%,17.2,1,0,4.2,,,,1.02x
gpt-5.2,bp35,Kaaus,medium,mechanics_hard,,100%,18.4,1,0,5,,,,1.09x
gpt-5.2,bp35,Kaaus,medium,feedback_hard,,100%,16.4,1,0,4.4,,,,0.98x
gpt-5.2,ka59,Edward,none,baseline,5,0%,,0,0,28,,,,
gpt-5.2,ka59,Edward,none,world_hard,5,0%,,0,0,3.2,,,,-89%
gpt-5.2,ka59,Edward,none,goal_hard,5,0%,,0,0,9.8,,,,-65%
gpt-5.2,ka59,Edward,none,mechanics_hard,5,0%,,0,0.6,48.4,,,,0.73
gpt-5.2,ka59,Edward,none,feedback_hard,5,0%,,0,0,28,,,,0
gpt-5.2,ka59,Edward,medium,baseline,5,0%,,0,0,9.4,,,,
gpt-5.2,ka59,Edward,medium,world_hard,5,0%,,0,0,1.8,,,,-81%
gpt-5.2,ka59,Edward,medium,goal_hard,5,0%,,0,0,11.8,,,,0.26
gpt-5.2,ka59,Edward,medium,mechanics_hard,5,0%,,0,0.2,42,,,,3.47
gpt-5.2,ka59,Edward,medium,feedback_hard,5,0%,,0,0,10.4,,,,0.11
gpt-4.1,ls20,Josh,default,baseline,2,40%,,,,,,,,1.00x
gpt-4.1,ls20,Josh,default,world_hard,2,0%,,,,,,,,1.22x
gpt-4.1,ls20,Josh,default,goal_hard,2,60%,,,,,,,,0.74x
gpt-4.1,ls20,Josh,default,mechanics_hard,2,60%,,,,,,,,1.10x
gpt-4.1,ls20,Josh,default,feedback_hard,2,100%,,,,,,,,0.39x
gpt-5.2,ls20,Josh,default,baseline,2,100%,,,,,,,,1.00x
gpt-5.2,ls20,Josh,default,world_hard,2,0%,,,,,,,,5.26x
gpt-5.2,ls20,Josh,default,goal_hard,2,100%,,,,,,,,1.58x
gpt-5.2,ls20,Josh,default,mechanics_hard,2,100%,,,,,,,,1.44x
gpt-5.2,ls20,Josh,default,feedback_hard,2,100%,,,,,,,,0.98x
gpt-4.1,bp35,Kaaus,default,baseline,2,100%,,,,,,,,1.00x
gpt-4.1,bp35,Kaaus,default,world_hard,2,0%,,,,,,,,2.71x
gpt-4.1,bp35,Kaaus,default,goal_hard,2,100%,,,,,,,,1.00x
gpt-4.1,bp35,Kaaus,default,mechanics_hard,2,0%,,,,,,,,2.57x
gpt-4.1,bp35,Kaaus,default,feedback_hard,2,100%,,,,,,,,1.21x
gpt-5.2,bp35,Kaaus,default,baseline,2,100%,,,,,,,,1.00x
gpt-5.2,bp35,Kaaus,default,world_hard,2,0%,,,,,,,,2.90x
gpt-5.2,bp35,Kaaus,default,goal_hard,2,100%,,,,,,,,1.01x
gpt-5.2,bp35,Kaaus,default,mechanics_hard,2,100%,,,,,,,,0.97x
gpt-5.2,bp35,Kaaus,default,feedback_hard,2,100%,,,,,,,,1.07x
gpt-4.1,ka59,Edward,default,baseline,2,0%,,,,,,,,1.00x
gpt-4.1,ka59,Edward,default,world_hard,2,0%,,,,,,,,0.85x
gpt-4.1,ka59,Edward,default,goal_hard,2,0%,,,,,,,,0.97x
gpt-4.1,ka59,Edward,default,mechanics_hard,2,0%,,,,,,,,1.04x
gpt-4.1,ka59,Edward,default,feedback_hard,2,0%,,,,,,,,1.00x
gpt-5.2,ka59,Edward,default,baseline,2,0%,,,,,,,,1.00x
gpt-5.2,ka59,Edward,default,world_hard,2,0%,,,,,,,,0.39x
gpt-5.2,ka59,Edward,default,goal_hard,2,0%,,,,,,,,0.59x
gpt-5.2,ka59,Edward,default,mechanics_hard,2,0%,,,,,,,,2.07x
gpt-5.2,ka59,Edward,default,feedback_hard,2,0%,,,,,,,,0.80x
gpt-4.1,ka59,Edward,default,baseline,5,0%,50,0,0.2,46.8,,,,1.00x
gpt-4.1,ka59,Edward,default,world_hard,5,0%,50,0,0.4,39.6,,,,0.85x
gpt-4.1,ka59,Edward,default,goal_hard,5,0%,50,0,1.2,45.2,,,,0.97x
gpt-4.1,ka59,Edward,default,mechanics_hard,5,0%,50,0,0,48.6,,,,1.04x
gpt-4.1,ka59,Edward,default,feedback_hard,5,0%,50,0,0.6,46.6,,,,1.00x
gpt-5.2,ka59,Edward,default,baseline,2,0%,50,0,2.5,16,,,,1.00x
gpt-5.2,ka59,Edward,default,world_hard,2,0%,50,0,8.5,1,,,,0.06x
gpt-5.2,ka59,Edward,default,goal_hard,2,0%,50,0,0.5,19,,,,1.19x
gpt-5.2,ka59,Edward,default,mechanics_hard,2,0%,50,0,0,47,,,,2.94x
gpt-5.2,ka59,Edward,default,feedback_hard,2,0%,50,0,0.5,11.5,,,,0.72x
claude-haiku-4-5,ka59,Edward,default,baseline,5,0%,50,0,0.2,33.2,,,,1.00x
claude-haiku-4-5,ka59,Edward,default,world_hard,5,0%,50,0,1.6,37.8,,,,1.14x
claude-haiku-4-5,ka59,Edward,default,goal_hard,5,0%,50,0,0,39.8,,,,1.20x
claude-haiku-4-5,ka59,Edward,default,mechanics_hard,5,0%,50,0,1.2,34.2,,,,1.03x
claude-haiku-4-5,ka59,Edward,default,feedback_hard,5,0%,50,0,0.6,28,,,,0.84x
gpt-4.1,bp35,Kaaus,default,baseline,2,100%,19.6,1,0,5.2,,,,1.00x
gpt-4.1,bp35,Kaaus,default,world_hard,2,0%,53.2,0,0,18.6,,,,2.71x
gpt-4.1,bp35,Kaaus,default,goal_hard,2,100%,19.6,1,0,5.6,,,,1.00x
gpt-4.1,bp35,Kaaus,default,mechanics_hard,2,0%,50.4,0,0.4,2.2,,,,2.57x
gpt-4.1,bp35,Kaaus,default,feedback_hard,2,100%,23.8,1,0,5,,,,1.21x
gpt-5.2,bp35,Kaaus,default,baseline,2,100%,16,1,0,4,,,,1.00x
gpt-5.2,bp35,Kaaus,default,world_hard,2,0%,46.4,0,0,17.6,,,,2.90x
gpt-5.2,bp35,Kaaus,default,goal_hard,2,100%,16.2,1,0,4.2,,,,1.01x
gpt-5.2,bp35,Kaaus,default,mechanics_hard,2,100%,15.6,1,0,4.8,,,,0.97x
gpt-5.2,bp35,Kaaus,default,feedback_hard,2,100%,17.2,1,0,4,,,,1.07x
gpt-4.1,ls20,Josh,default,baseline,2,40%,82.2,0.4,,,27.6,,0.8,1.00x
gpt-4.1,ls20,Josh,default,world_hard,2,0%,100,0,,,22.6,,1,1.22x
gpt-4.1,ls20,Josh,default,goal_hard,2,60%,61,0.6,,,24.2,,0.8,0.74x
gpt-4.1,ls20,Josh,default,mechanics_hard,2,60%,90.2,0.6,,,35.8,,0.8,1.10x
gpt-4.1,ls20,Josh,default,feedback_hard,2,100%,32.4,1,,,16.6,,1,0.39x
gpt-5.2,ls20,Josh,default,baseline,2,100%,19,1,,,4.8,,1,1.00x
gpt-5.2,ls20,Josh,default,world_hard,2,0%,100,0,,,19.6,,0.8,5.26x
gpt-5.2,ls20,Josh,default,goal_hard,2,100%,30,1,,,6.6,,1,1.58x
gpt-5.2,ls20,Josh,default,mechanics_hard,2,100%,27.4,1,,,5.2,,1,1.44x
gpt-5.2,ls20,Josh,default,feedback_hard,2,100%,18.6,1,,,5.2,,1,0.98x
deepseek-v4-pro,ls20,Josh,none,baseline,20,100%,31.3,1.0,,,8.2,,1.0,1.00x
deepseek-v4-pro,ls20,Josh,none,world_hard,20,5%,96.0,0.05,,,25.9,,0.8,3.07x
deepseek-v4-pro,ls20,Josh,none,mechanics_hard,20,45%,87.2,0.45,,,22.7,,0.9,2.79x
deepseek-v4-pro,ls20,Josh,none,feedback_hard,20,95%,31.2,0.95,,,12.0,,1.0,1.00x
deepseek-v4-pro,ls20,Josh,medium,baseline,20,100%,24.3,1.0,,,6.5,,1.0,1.00x
deepseek-v4-pro,ls20,Josh,medium,world_hard,20,5%,100.0,0.05,,,18.9,,0.7,4.12x
deepseek-v4-pro,ls20,Josh,medium,mechanics_hard,20,0%,100.0,0.0,,,21.5,,0.6,4.12x
deepseek-v4-pro,ls20,Josh,medium,feedback_hard,20,100%,25.9,1.0,,,10.9,,1.0,1.07x
deepseek-v4-pro,ka59simple,Edward,none,baseline,20,60%,87.7,0.60,,,,,,1.00x
deepseek-v4-pro,ka59simple,Edward,none,world_hard,20,0%,128.0,0.00,,,,,,1.46x
deepseek-v4-pro,ka59simple,Edward,none,mechanics_hard,20,20%,121.8,0.20,,,,,,1.39x
deepseek-v4-pro,ka59simple,Edward,none,mechanics_hard_format_only,20,20%,121.8,0.20,,,,,,1.39x
deepseek-v4-pro,ka59simple,Edward,none,feedback_hard,20,75%,78.8,0.75,,,,,,0.90x
